{
  "baseline": {
    "Plane": {
      "precision": 0.596401028277635,
      "recall": 0.928,
      "f1-score": 0.7261345852895149,
      "support": 1000.0
    },
    "Car": {
      "precision": 0.8520499108734403,
      "recall": 0.956,
      "f1-score": 0.9010367577756834,
      "support": 1000.0
    },
    "Bird": {
      "precision": 0.8138686131386861,
      "recall": 0.223,
      "f1-score": 0.3500784929356358,
      "support": 1000.0
    },
    "Cat": {
      "precision": 1.0,
      "recall": 0.008,
      "f1-score": 0.015873015873015872,
      "support": 1000.0
    },
    "Deer": {
      "precision": 0.8233830845771144,
      "recall": 0.331,
      "f1-score": 0.47218259629101283,
      "support": 1000.0
    },
    "Dog": {
      "precision": 0.5006002400960384,
      "recall": 0.834,
      "f1-score": 0.6256564141035259,
      "support": 1000.0
    },
    "Frog": {
      "precision": 0.5871617369414727,
      "recall": 0.933,
      "f1-score": 0.7207415990730012,
      "support": 1000.0
    },
    "Horse": {
      "precision": 0.6146112600536193,
      "recall": 0.917,
      "f1-score": 0.7359550561797753,
      "support": 1000.0
    },
    "Ship": {
      "precision": 0.8743914313534566,
      "recall": 0.898,
      "f1-score": 0.8860384805130735,
      "support": 1000.0
    },
    "Truck": {
      "precision": 0.9305555555555556,
      "recall": 0.804,
      "f1-score": 0.8626609442060086,
      "support": 1000.0
    },
    "accuracy": 0.6832,
    "macro avg": {
      "precision": 0.7593022860867018,
      "recall": 0.6832,
      "f1-score": 0.6296357942240248,
      "support": 10000.0
    },
    "weighted avg": {
      "precision": 0.7593022860867018,
      "recall": 0.6832,
      "f1-score": 0.6296357942240247,
      "support": 10000.0
    }
  },
  "augmented": {
    "Plane": {
      "precision": 0.7277310924369748,
      "recall": 0.866,
      "f1-score": 0.7908675799086758,
      "support": 1000.0
    },
    "Car": {
      "precision": 0.910958904109589,
      "recall": 0.931,
      "f1-score": 0.9208704253214639,
      "support": 1000.0
    },
    "Bird": {
      "precision": 0.844106463878327,
      "recall": 0.222,
      "f1-score": 0.3515439429928741,
      "support": 1000.0
    },
    "Cat": {
      "precision": 0.8625,
      "recall": 0.069,
      "f1-score": 0.12777777777777777,
      "support": 1000.0
    },
    "Deer": {
      "precision": 0.8397129186602871,
      "recall": 0.351,
      "f1-score": 0.49506346967559944,
      "support": 1000.0
    },
    "Dog": {
      "precision": 0.4324452901998097,
      "recall": 0.909,
      "f1-score": 0.586073500967118,
      "support": 1000.0
    },
    "Frog": {
      "precision": 0.6180371352785146,
      "recall": 0.932,
      "f1-score": 0.7432216905901117,
      "support": 1000.0
    },
    "Horse": {
      "precision": 0.7016,
      "recall": 0.877,
      "f1-score": 0.7795555555555556,
      "support": 1000.0
    },
    "Ship": {
      "precision": 0.852504638218924,
      "recall": 0.919,
      "f1-score": 0.8845043310875842,
      "support": 1000.0
    },
    "Truck": {
      "precision": 0.8383838383838383,
      "recall": 0.913,
      "f1-score": 0.8741024413595021,
      "support": 1000.0
    },
    "accuracy": 0.6989,
    "macro avg": {
      "precision": 0.7627980281166264,
      "recall": 0.6989000000000001,
      "f1-score": 0.6553580715236264,
      "support": 10000.0
    },
    "weighted avg": {
      "precision": 0.7627980281166264,
      "recall": 0.6989,
      "f1-score": 0.6553580715236264,
      "support": 10000.0
    }
  }
}